<?xml version="1.0"?>
 <wFun xmlns:bt="http://www.bioconductor.org/WINVOKE">
	<funName>gapFilter</funName>
	<funArgList>
		<funArg>
			<argName>Gap</argName>
			<argDefault></argDefault>
			<argType>numeric</argType>
			<argLocation>main</argLocation>
			<argWidgetType>TypeIn</argWidgetType>
			<argRequired>TRUE</argRequired>
		</funArg>
		<funArg>
			<argName>IQR</argName>
			<argDefault></argDefault>
			<argType>numeric</argType>
			<argLocation>main</argLocation>
			<argWidgetType>TypeIn</argWidgetType>
			<argRequired>TRUE</argRequired>
		</funArg>
		<funArg>
			<argName>Prop</argName>
			<argDefault></argDefault>
			<argType>nemeric</argType>
			<argLocation>main</argLocation>
			<argWidgetType>TypeIn</argWidgetType>
			<argRequired>TRUE</argRequired>
		</funArg>
		<funArg>
			<argName>na.rm</argName>
			<argDefault>TRUE</argDefault>
			<argType>logical</argType>
			<argLocation>main</argLocation>
			<argWidgetType>Radio</argWidgetType>
			<argRequired>FALSE</argRequired>
		</funArg>
		<funArg>
			<argName>neg.rm</argName>
			<argDefault>TRUE</argDefault>
			<argType>logical</argType>
			<argLocation>main</argLocation>
			<argWidgetType>Radio</argWidgetType>
			<argRequired>FALSE</argRequired>
		</funArg>
	</funArgList>
</wFun>