<?xml version="1.0"?>
 <wFun xmlns:bt="http://www.bioconductor.org/WINVOKE">
	<funName>cv</funName>
	<funArgList>
		<funArg>
			<argName>a</argName>
			<argDefault>1</argDefault>
			<argType>numeric</argType>
			<argLocation>main</argLocation>
			<argWidgetType>TypeIn</argWidgetType>
			<argRequired>FALSE</argRequired>
		</funArg>
		<funArg>
			<argName>b</argName>
			<argDefault>Inf</argDefault>
			<argType>numeric</argType>
			<argLocation>main</argLocation>
			<argWidgetType>TypeIn</argWidgetType>
			<argRequired>FALSE</argRequired>
		</funArg>
		<funArg>
			<argName>na.rm</argName>
			<argDefault>TRUE</argDefault>
			<argType>logical</argType>
			<argLocation>main</argLocation>
			<argWidgetType>Radio</argWidgetType>
			<argRequired>FALSE</argRequired>
		</funArg>
	</funArgList>
</wFun>