<?xml version="1.0"?>
 <wFun xmlns:bt="http://www.bioconductor.org/WINVOKE">
	<funName>coxfilter</funName>
	<funArgList>
		<funArg>
			<argName>surt</argName>
			<argDefault></argDefault>
			<argType>numeric</argType>
			<argLocation>main</argLocation>
			<argWidgetType>TypeIn</argWidgetType>
			<argRequired>TRUE</argRequired>
		</funArg>
		<funArg>
			<argName>cens</argName>
			<argDefault></argDefault>
			<argType>numeric</argType>
			<argLocation>main</argLocation>
			<argWidgetType>TypeIn</argWidgetType>
			<argRequired>TRUE</argRequired>
		</funArg>
		<funArg>
			<argName>p</argName>
			<argDefault></argDefault>
			<argType>numeric</argType>
			<argLocation>main</argLocation>
			<argWidgetType>TypeIn</argWidgetType>
			<argRequired>TRUE</argRequired>
		</funArg>
	</funArgList>
</wFun>